,INST 1,INST 2,INST 3,INST 4,INST 5
INST 1,1.0,0.873427809185946,0.3502356908996689,0.8376134521542516,0.7641006573417797
INST 2,0.873427809185946,1.0,0.2712414099639418,0.7539534131685174,0.6740252271230837
INST 3,0.3502356908996689,0.2712414099639418,1.0,0.40175171830246703,0.41071412556998504
INST 4,0.8376134521542516,0.7539534131685174,0.40175171830246703,1.0,0.8253985009979115
INST 5,0.7641006573417797,0.6740252271230837,0.41071412556998504,0.8253985009979115,1.0
